"AI, Game Development"
"AI, Data Analysis"
"Computer Vision, Data Analysis"
Embedded Systems
AI
Uncategorized
AI
"AI, Data Analysis"
"Blockchain, Cloud, Cybersecurity"
Digital Transformation
Mobile App
AI
Uncategorized
"AI, DL"
AI
Software Development
"AI, Data Analysis, Education"
AI
Web Development
AI
Data Analysis
"AI, ML, Web Development"
"AI, Computer Vision, Data Analysis, ML, Mobile App, User Experience"
"AI, ML"
AI
AI
"AI, Computer Vision, ML"
Transportation
Mobile App
"AI, Web Development"
"AI, Data Analysis, GIS"
AI
"Cloud, Cybersecurity"
AI
"AI, Healthcare"
"AI, DL, Data Analysis"
Mobile App
Uncategorized
Cybersecurity
Uncategorized
AI
AI
AI
"AI, Data Analysis, Healthcare"
AI
"AI, Data Analysis, ML"
Education
Education
"AI, Mobile App"
AI
"AI, Assistive Technology"
Web Development
Game Development
"AI, ML"
IoT
"AI, Cybersecurity"
"AI, IoT, ML"
"Data Analysis, Mobile App"
AI
"AI, Data Analysis, Web Development"
Cybersecurity
AI
AI
AI
Data Analysis
"AI, Data Analysis"
Web Development
AI
Cybersecurity
IoT
"AI, Data Analysis"
